timestamp,tvlUsd,apy,apyBase,apyReward,il7d,apyBase7d,pricePerShare
2024-01-07 23:01:46.496000+00:00,20603031243,3.1,3.1,,,,
2024-01-08 23:01:14.543000+00:00,21702077217,3.3,3.3,,,,
2024-01-09 23:01:26.888000+00:00,21511050786,3.5,3.5,,,,
2024-01-10 23:01:21.008000+00:00,23494154968,4.0,4.0,,,,
2024-01-11 23:12:09.831000+00:00,24326480765,3.9,3.9,,,,
2024-01-12 23:01:27.144000+00:00,23120204457,3.3,3.3,,,,
2024-01-13 23:01:23.138000+00:00,23924527266,3.5,3.5,,,,
2024-01-14 23:02:56.840000+00:00,23471325505,3.3,3.3,,,,
2024-01-15 23:01:26.015000+00:00,23531312308,3.3,3.3,,,,
2024-01-16 23:01:55.624000+00:00,24254117547,3.6,3.6,,,,
2024-01-17 23:01:27.715000+00:00,23424673089,3.5,3.5,,,,
2024-01-18 23:01:20.519000+00:00,22893966753,3.4,3.4,,,,
2024-01-19 23:01:19.909000+00:00,23159085894,4.5,4.5,,,,
2024-01-20 23:01:19.310000+00:00,22987318068,3.3,3.3,,,,
2024-01-21 23:01:32.760000+00:00,23036834477,3.1,3.1,,,,
2024-01-22 23:02:00.876000+00:00,21763237201,3.2,3.2,,,,
2024-01-23 23:12:54.948000+00:00,20616051080,3.8,3.8,,,,
2024-01-24 23:01:11.171000+00:00,20752318830,3.2,3.2,,,,
2024-01-25 23:01:21.912000+00:00,20815494202,3.3,3.3,,,,
2024-01-26 23:01:17.686000+00:00,21119276969,3.6,3.6,,,,
2024-01-27 23:01:18.482000+00:00,21259147600,3.5,3.5,,,,
2024-01-28 23:01:32.468000+00:00,21205990693,3.2,3.2,,,,
2024-01-29 23:01:23.598000+00:00,21678645386,3.1,3.1,,,,
2024-01-30 23:02:38.613000+00:00,22331470467,3.3,3.3,,,,
2024-01-31 23:01:33.553000+00:00,21403505916,3.5,3.5,,,,
2024-02-01 23:01:57.091000+00:00,21752922635,3.5,3.5,,,,
2024-02-02 23:13:21.777000+00:00,21805522279,3.3,3.3,,,,
2024-02-03 23:01:35.267000+00:00,21800358025,3.5,3.5,,,,
2024-02-04 23:01:59.994000+00:00,21839623933,3.0,3.0,,,,
2024-02-05 23:01:42.861000+00:00,21732987500,3.0,3.0,,,,
2024-02-06 23:02:03.307000+00:00,22646544525,3.3,3.3,,,,
2024-02-07 23:02:02.490000+00:00,23175974515,3.443,3.443,,,,
2024-02-08 23:02:45.863000+00:00,23182873437,3.792,3.792,,,,
2024-02-09 23:01:21.005000+00:00,24068585114,3.88,3.88,,,,
2024-02-10 23:02:09.792000+00:00,24053720528,3.641,3.641,,,,
2024-02-11 23:02:04.064000+00:00,24053730354,3.336,3.336,,,,
2024-02-12 23:01:27.739000+00:00,25451982026,3.352,3.352,,,,
2024-02-13 23:02:20.800000+00:00,25424531525,4.275,4.275,,,,
2024-02-14 23:02:12.734000+00:00,27049017481,3.562,3.562,,,,
2024-02-15 23:02:56.881000+00:00,27309705308,3.279,3.279,,,,
2024-02-16 23:03:36.941000+00:00,27263988634,3.778,3.778,,,,
2024-02-17 23:02:44.752000+00:00,27294369118,3.126,3.126,,,,
2024-02-18 23:02:45.643000+00:00,27997797029,3.127,3.127,,,,
2024-02-19 23:02:06.916000+00:00,29065348699,3.263,3.263,,,,
2024-02-20 23:03:23.985000+00:00,29251788734,3.363,3.363,,,,
2024-02-21 23:02:41.466000+00:00,28614502893,3.466,3.466,,,,
2024-02-22 23:02:38.485000+00:00,29230175612,3.468,3.468,,,,
2024-02-23 23:03:19.249000+00:00,28829373369,3.415,3.415,,,,
2024-02-24 23:03:57.623000+00:00,29277853064,3.467,3.467,,,,
2024-02-25 23:02:01.690000+00:00,30502625248,3.148,3.148,,,,
2024-02-26 23:03:19.218000+00:00,31196506470,3.262,3.262,,,,
2024-02-27 23:02:55.425000+00:00,31861958743,3.472,3.472,,,,
2024-02-28 23:03:14.465000+00:00,32724017868,3.426,3.426,,,,
2024-02-29 23:01:28.057000+00:00,32738825734,3.7,3.7,,,,
2024-03-01 23:01:59.605000+00:00,33744163658,3.336,3.336,,,,
2024-03-02 23:02:03.182000+00:00,33521374470,3.49,3.49,,,,
2024-03-03 23:02:40.560000+00:00,34165505427,3.294,3.294,,,,
2024-03-04 16:02:03.661000+00:00,34789324383,3.449,3.449,,,,
2024-03-05 23:02:41.008000+00:00,34181903127,3.836,3.836,,,,
2024-03-06 23:02:02.912000+00:00,37810693355,4.13,4.13,,,,
2024-03-07 23:02:44.247000+00:00,38177828703,3.904,3.904,,,,
2024-03-08 23:17:38.058000+00:00,38509199913,3.523,3.523,,,,
2024-03-09 23:01:51.517000+00:00,38499907781,3.521,3.521,,,,
2024-03-10 23:01:57.433000+00:00,38092100891,3.404,3.404,,,,
2024-03-11 23:03:16.026000+00:00,40127551638,3.586,3.586,,,,
2024-03-12 23:02:00.149000+00:00,38802967969,3.677,3.677,,,,
2024-03-13 23:02:46.856000+00:00,39231372318,3.644,3.644,,,,
2024-03-14 23:01:14.644000+00:00,37938616956,3.438,3.438,,,,
2024-03-15 23:01:25.932000+00:00,36154873244,3.691,3.691,,,,
2024-03-16 23:02:33.047000+00:00,34614117838,3.225,3.225,,,,
2024-03-17 23:01:37.009000+00:00,35562183841,3.311,3.311,,,,
2024-03-18 23:01:26.374000+00:00,34388397375,3.125,3.125,,,,
2024-03-19 23:01:20.898000+00:00,31527947352,3.954,3.954,,,,
2024-03-20 23:02:48.572000+00:00,34346162385,3.415,3.415,,,,
2024-03-21 23:01:40.009000+00:00,34243203973,3.422,3.422,,,,
2024-03-22 23:01:22.428000+00:00,32076695829,3.219,3.219,,,,
2024-03-23 23:01:16.860000+00:00,32991205180,3.345,3.345,,,,
2024-03-24 23:01:17.997000+00:00,33454878812,3.015,3.015,,,,
2024-03-25 23:01:27.024000+00:00,34915326033,3.165,3.165,,,,
2024-03-26 23:02:53.724000+00:00,34702003833,3.467,3.467,,,,
2024-03-27 23:01:17.239000+00:00,33885814744,3.255,3.255,,,,
2024-03-28 23:01:13.727000+00:00,34427611674,3.186,3.186,,,,
2024-03-29 23:01:47.959000+00:00,33672616598,3.299,3.299,,,,
2024-03-30 23:01:20.490000+00:00,33907787038,3.119,3.119,,,,
2024-03-31 23:01:26.995000+00:00,35114644706,3.07,3.07,,,,
2024-04-01 23:01:43.524000+00:00,33670763638,3.127,3.127,,,,
2024-04-02 23:01:17.564000+00:00,31175779818,3.501,3.501,,,,
2024-04-03 23:01:10.500000+00:00,31442373725,3.413,3.413,,,,
2024-04-04 23:01:08.072000+00:00,31769947323,3.384,3.384,,,,
2024-04-05 23:01:32.875000+00:00,31829397101,3.489,3.489,,,,
2024-04-06 23:01:11.418000+00:00,31913090574,3.347,3.347,,,,
2024-04-07 23:03:54.626000+00:00,32443916249,3.041,3.041,,,,
2024-04-08 23:01:26.976000+00:00,35126869237,3.148,3.148,,,,
2024-04-09 23:01:50.895000+00:00,33276151304,3.22,3.22,,,,
2024-04-10 23:01:04.832000+00:00,33065845586,3.36,3.36,,,,
2024-04-11 23:01:29.505000+00:00,32973417956,3.45,3.45,,,,
2024-04-12 23:01:31.665000+00:00,30223893379,3.146,3.146,,,,
2024-04-13 23:01:16.411000+00:00,27507790373,4.31,4.31,,,,
2024-04-14 23:06:19.074000+00:00,29603525849,4.436,4.436,,,,
2024-04-15 23:01:34.855000+00:00,29020898814,3.101,3.101,,,,
2024-04-16 23:01:52.586000+00:00,29035947410,3.551,3.551,,,,
2024-04-17 23:01:24.573000+00:00,28211076305,3.191,3.191,,,,
2024-04-18 23:01:46.970000+00:00,28674723530,3.237,3.237,,,,
2024-04-19 23:01:38.013000+00:00,28811666039,3.295,3.295,,,,
2024-04-20 23:05:07.235000+00:00,29433218852,3.173,3.173,,,,
2024-04-21 23:01:23.346000+00:00,29335706943,2.94,2.94,,,,
2024-04-22 23:01:15.493000+00:00,29906775524,3.058,3.058,,,,
2024-04-23 23:01:37.517000+00:00,30004411402,3.098,3.098,,,,
2024-04-24 23:01:25.570000+00:00,29366085501,3.742,3.742,,,,
2024-04-25 23:02:09.251000+00:00,29750078559,3.293,3.293,,,,
2024-04-26 23:01:39.057000+00:00,29399844844,3.058,3.058,,,,
2024-04-27 23:01:20.388000+00:00,30259833329,3.004,3.004,,,,
2024-04-28 23:03:07.662000+00:00,30888607086,2.942,2.942,,,,
2024-04-29 23:01:22.075000+00:00,29863072008,3.031,3.031,,,,
2024-04-30 23:02:01.096000+00:00,27877082840,3.046,3.046,,,,
2024-05-01 23:01:41.097000+00:00,27684411734,3.31,3.31,,,,
2024-05-02 23:01:54.411000+00:00,28080831828,3.103,3.103,,,,
2024-05-03 23:01:57.529000+00:00,29054286667,2.934,2.934,,,,
2024-05-04 23:01:57.188000+00:00,29190217620,2.999,2.999,,,,
2024-05-05 23:01:21.324000+00:00,29277399792,2.829,2.829,,,,
2024-05-06 23:01:59.335000+00:00,28826959941,2.887,2.887,,,,
2024-05-07 23:03:17.216000+00:00,28483572707,2.922,2.922,,,,
2024-05-08 23:04:45.590000+00:00,27771200544,2.955,2.955,,,,
2024-05-09 23:01:29.081000+00:00,28263829653,2.91,2.91,,,,
2024-05-10 23:01:37.775000+00:00,27131548445,2.934,2.934,,,,
2024-05-11 23:02:18.276000+00:00,27325475523,2.894,2.894,,,,
2024-05-12 23:01:19.899000+00:00,27368608800,2.812,2.812,,,,
2024-05-13 23:01:37.641000+00:00,27635739808,2.888,2.888,,,,
2024-05-14 23:01:25.800000+00:00,27107555090,3.087,3.087,,,,
2024-05-15 23:02:08.815000+00:00,28237127744,2.997,2.997,,,,
2024-05-16 23:01:13.790000+00:00,27494295812,3.043,3.043,,,,
2024-05-17 23:01:23.392000+00:00,28917923715,2.906,2.906,,,,
2024-05-18 23:01:31.323000+00:00,29119269053,2.776,2.776,,,,
2024-05-19 23:01:12.768000+00:00,28579330260,2.853,2.853,,,,
2024-05-20 23:01:38.114000+00:00,34170060889,2.88,2.88,,,,
2024-05-21 23:01:42.697000+00:00,35021996587,3.936,3.936,,,,
2024-05-22 23:01:31.108000+00:00,34959045610,3.183,3.183,,,,
2024-05-23 23:04:01.403000+00:00,35401832827,3.191,3.191,,,,
2024-05-24 23:02:50.857000+00:00,34713288127,4.24,4.24,,,,
2024-05-25 23:01:27.510000+00:00,34745485827,3.022,3.022,,,,
2024-05-26 23:01:31.444000+00:00,35702895399,2.959,2.959,,,,
2024-05-27 23:01:31.408000+00:00,36093901178,3.103,3.103,,,,
2024-05-28 23:01:36.115000+00:00,36232785916,3.222,3.222,,,,
2024-05-29 23:01:29.856000+00:00,35742418096,3.151,3.151,,,,
2024-05-30 23:01:36.534000+00:00,35585717621,3.237,3.237,,,,
2024-05-31 23:01:44.504000+00:00,35918322227,3.275,3.275,,,,
2024-06-01 23:04:47.544000+00:00,36097095928,3.131,3.131,,,,
2024-06-02 23:01:46.083000+00:00,35927306227,3.15,3.15,,,,
2024-06-03 23:02:09.972000+00:00,35796738203,3.266,3.266,,,,
2024-06-04 23:01:44.631000+00:00,36265529170,3.179,3.179,,,,
2024-06-05 23:01:17.401000+00:00,36717862224,3.258,3.258,,,,
2024-06-06 23:01:37.922000+00:00,36146875321,3.499,3.499,,,,
2024-06-07 23:01:32.062000+00:00,35111188709,3.372,3.372,,,,
2024-06-08 23:01:33.262000+00:00,34985076582,3.319,3.319,,,,
2024-06-09 23:01:22.495000+00:00,35269566359,3.044,3.044,,,,
2024-06-10 23:02:06.114000+00:00,34867335185,3.242,3.242,,,,
2024-06-11 23:01:27.786000+00:00,33191496875,3.577,3.577,,,,
2024-06-12 23:01:24.244000+00:00,33937043617,3.263,3.263,,,,
2024-06-13 23:01:47.592000+00:00,33064632708,3.674,3.674,,,,
2024-06-14 23:01:34.011000+00:00,33233388091,3.073,3.073,,,,
2024-06-15 23:01:28.039000+00:00,33920186365,3.126,3.126,,,,
2024-06-16 23:03:19.861000+00:00,34676399878,2.956,2.956,,,,
2024-06-17 23:01:37.273000+00:00,33655561943,2.945,2.945,,,,
2024-06-18 23:01:31.334000+00:00,33087509211,3.203,3.203,,,,
2024-06-19 23:01:56.472000+00:00,34056850368,3.005,3.005,,,,
2024-06-20 23:01:10.179000+00:00,33694429852,3.096,3.096,,,,
2024-06-21 23:01:36.495000+00:00,33631149101,2.989,2.989,,,,
2024-06-22 23:02:40.442000+00:00,33641774470,2.88,2.88,,,,
2024-06-23 23:01:39.599000+00:00,32931721024,2.947,2.947,,,,
2024-06-24 23:02:36.211000+00:00,32245121469,3.007,3.007,,,,
2024-06-25 23:17:21.947000+00:00,32929269169,3.044,3.044,,,,
2024-06-26 23:01:34.382000+00:00,32610176370,2.966,2.966,,,,
2024-06-27 23:01:17.315000+00:00,33385636816,2.979,2.979,,,,
2024-06-28 23:03:13.285000+00:00,32815057609,3.133,3.133,,,,
2024-06-29 23:01:17.990000+00:00,32852223529,2.822,2.822,,,,
2024-06-30 23:01:30.935000+00:00,33153014476,2.788,2.788,,,,
2024-07-01 23:01:27.017000+00:00,33592760514,2.997,2.997,,,,
2024-07-02 23:02:41.124000+00:00,33207938753,2.975,2.975,,,,
2024-07-03 23:02:41.378000+00:00,32155306107,3.04,3.04,,,,
2024-07-04 23:02:38.524000+00:00,30575326637,3.401,3.401,,,,
2024-07-05 23:03:00.373000+00:00,28946851048,4.085,4.085,,,,
2024-07-06 23:01:13.293000+00:00,29829267656,3.033,3.033,,,,
2024-07-07 23:01:22.567000+00:00,28707713574,2.836,2.836,,,,
2024-07-08 23:01:28.375000+00:00,29320772502,2.92,2.92,,,,
2024-07-09 23:03:08.922000+00:00,29708773971,2.969,2.969,,,,
2024-07-10 23:01:16.617000+00:00,30098156877,3.051,3.051,,,,
2024-07-11 23:01:16.971000+00:00,30083038990,2.999,2.999,,,,
2024-07-12 23:03:09.163000+00:00,30256851311,3.055,3.055,,,,
2024-07-13 23:04:38.545000+00:00,30746685796,2.901,2.901,,,,
2024-07-14 23:01:59.647000+00:00,31559879989,2.912,2.912,,,,
2024-07-15 23:03:17.751000+00:00,33708952986,2.916,2.916,,,,
2024-07-16 23:02:43.315000+00:00,33545418897,3.067,3.067,,,,
2024-07-17 23:01:28.404000+00:00,33267405570,3.141,3.141,,,,
2024-07-18 23:02:29.117000+00:00,33315420925,3.337,3.337,,,,
2024-07-19 23:02:19.909000+00:00,34329444700,3.144,3.144,,,,
2024-07-20 23:02:39.986000+00:00,34349451980,2.886,2.886,,,,
2024-07-21 23:02:04.746000+00:00,34657037998,2.83,2.83,,,,
2024-07-22 23:01:49.969000+00:00,33863421471,3.118,3.118,,,,
2024-07-23 23:04:41.329000+00:00,34011347816,2.994,2.994,,,,
2024-07-24 23:01:59.643000+00:00,32727809648,2.951,2.951,,,,
2024-07-25 23:02:39.407000+00:00,31148432962,2.995,2.995,,,,
2024-07-26 23:03:22.867000+00:00,32184436314,2.933,2.933,,,,
2024-07-27 23:02:00.957000+00:00,32273494149,2.812,2.812,,,,
2024-07-28 23:03:09.209000+00:00,31966780834,3.023,3.023,,,,
2024-07-29 23:01:57.078000+00:00,32731678257,2.811,2.811,,,,
2024-07-30 23:03:40.015000+00:00,32188713549,2.913,2.913,,,,
2024-07-31 23:01:40.810000+00:00,31753650141,2.993,2.993,,,,
2024-08-01 23:01:48.469000+00:00,31248706790,3.034,3.034,,,,
2024-08-02 23:01:37.574000+00:00,29510514082,3.005,3.005,,,,
2024-08-03 23:02:00.688000+00:00,28571203677,3.049,3.049,,,,
2024-08-04 23:02:04.239000+00:00,26863039524,2.925,2.925,,,,
2024-08-05 23:01:14.300000+00:00,23855331817,9.908,9.908,,,,
2024-08-06 23:01:24.661000+00:00,24430382356,3.574,3.574,,,,
2024-08-07 23:02:03.314000+00:00,22954418642,3.022,3.022,,,,
2024-08-08 23:01:25.167000+00:00,25962923466,3.074,3.074,,,,
2024-08-09 23:01:15.869000+00:00,25538757180,3.078,3.078,,,,
2024-08-10 23:03:01.873000+00:00,25611210981,2.918,2.918,,,,
2024-08-11 23:02:20.781000+00:00,25419838600,2.75,2.75,,,,
2024-08-12 23:02:22.259000+00:00,26396528905,2.987,2.987,,,,
2024-08-13 23:02:36.920000+00:00,26677412367,3.016,3.016,,,,
2024-08-14 23:01:40.207000+00:00,25897682010,2.951,2.951,,,,
2024-08-15 23:01:03.777000+00:00,25184241819,2.998,2.998,,,,
2024-08-16 23:01:25.175000+00:00,25556007698,2.921,2.921,,,,
2024-08-17 23:01:15.243000+00:00,25662766301,2.741,2.741,,,,
2024-08-18 23:01:32.669000+00:00,26064274337,2.759,2.759,,,,
2024-08-19 23:01:34.440000+00:00,25744523870,2.778,2.778,,,,
2024-08-20 23:01:26.634000+00:00,25377600560,2.866,2.866,,,,
2024-08-21 23:02:04.404000+00:00,25879206560,2.779,2.779,,,,
2024-08-22 23:01:09.802000+00:00,25747953553,2.949,2.949,,,,
2024-08-23 23:02:40.420000+00:00,27343519292,2.744,2.744,,,,
2024-08-24 23:01:17.254000+00:00,26912370857,2.825,2.825,,,,
2024-08-25 23:01:36.357000+00:00,27231964611,2.715,2.715,,,,
2024-08-26 23:01:13.750000+00:00,26268489415,2.731,2.731,,,,
2024-08-27 23:01:49.588000+00:00,23919155785,2.785,2.785,,,,
2024-08-28 23:01:13.730000+00:00,24701735332,3.13,3.13,,,,
2024-08-29 23:01:23.515000+00:00,24748840465,2.773,2.773,,,,
2024-08-30 23:03:23.800000+00:00,24711796261,2.88,2.88,,,,
2024-08-31 23:01:15.942000+00:00,24648430075,2.683,2.683,,,,
2024-09-01 23:01:23.691000+00:00,23767039406,2.674,2.674,,,,
2024-09-02 23:01:35.824000+00:00,24914851835,2.751,2.751,,,,
2024-09-03 23:01:28.135000+00:00,24087711312,2.972,2.972,,,,
2024-09-04 23:02:24.883000+00:00,24164509872,2.906,2.906,,,,
2024-09-05 23:01:10.303000+00:00,23290537236,3.019,3.019,,,,
2024-09-06 23:01:15.395000+00:00,21680185840,2.948,2.948,,,,
2024-09-07 23:01:30.119000+00:00,22250182735,3.943,3.943,,,,
2024-09-08 23:01:57.065000+00:00,22631599038,2.755,2.755,,,,
2024-09-09 23:01:21.875000+00:00,23115283807,2.904,2.904,,,,
2024-09-10 23:01:20.247000+00:00,23344514453,3.022,3.022,,,,
2024-09-11 23:01:33.217000+00:00,22861589904,3.017,3.017,,,,
2024-09-12 23:01:30.243000+00:00,22957976116,2.896,2.896,,,,
2024-09-13 23:01:39.673000+00:00,23937247640,2.875,2.875,,,,
2024-09-14 23:01:25.734000+00:00,23615098451,2.859,2.859,,,,
2024-09-15 23:01:57.643000+00:00,22939025457,2.811,2.811,,,,
2024-09-16 23:01:14.127000+00:00,22286481674,3.155,3.155,,,,
2024-09-17 23:01:20.413000+00:00,22830699435,2.939,2.939,,,,
2024-09-18 23:01:17.539000+00:00,22815692912,3.113,3.113,,,,
2024-09-19 23:01:03.299000+00:00,24005713552,3.261,3.261,,,,
2024-09-20 23:01:22.408000+00:00,24874676396,3.278,3.278,,,,
2024-09-21 23:01:54.666000+00:00,25005163960,3.302,3.302,,,,
2024-09-22 23:01:12.265000+00:00,25130250992,3.173,3.173,,,,
2024-09-23 23:01:47.871000+00:00,25844049999,3.19,3.19,,,,
2024-09-24 23:01:20.845000+00:00,25992362970,3.209,3.209,,,,
2024-09-25 23:01:41.893000+00:00,25223942683,3.171,3.171,,,,
2024-09-26 23:02:08.909000+00:00,25882496914,3.124,3.124,,,,
2024-09-27 23:01:51.348000+00:00,26516820363,3.233,3.233,,,,
2024-09-28 23:02:11.515000+00:00,26222189293,2.968,2.968,,,,
2024-09-29 23:01:40.652000+00:00,25985543935,2.877,2.877,,,,
2024-09-30 23:01:34.125000+00:00,25560791739,2.959,2.959,,,,
2024-10-01 23:01:25.324000+00:00,24082372334,3.025,3.025,,,,
2024-10-02 23:01:34.539000+00:00,23357199334,3.063,3.063,,,,
2024-10-03 23:01:19.648000+00:00,23014324628,3.021,3.021,,,,
2024-10-04 23:01:14.348000+00:00,23745044916,2.949,2.949,,,,
2024-10-05 23:01:32.361000+00:00,23630402140,2.882,2.882,,,,
2024-10-06 23:02:05.997000+00:00,23787873333,2.976,2.976,,,,
2024-10-07 23:01:26.837000+00:00,23644264006,3.051,3.051,,,,
2024-10-08 23:01:28.629000+00:00,23840952331,3.358,3.358,,,,
2024-10-09 23:01:26.642000+00:00,23043001012,3.431,3.431,,,,
2024-10-10 23:01:18.634000+00:00,23094808364,3.149,3.149,,,,
2024-10-11 23:01:41.140000+00:00,23816397990,3.188,3.188,,,,
2024-10-12 22:01:28.480000+00:00,24129105261,3.062,3.062,,,,
2024-10-13 23:01:17.358000+00:00,24066158590,3.085,3.085,,,,
2024-10-14 23:02:03.246000+00:00,25707294338,3.183,3.183,,,,
2024-10-15 23:01:30.853000+00:00,25389227061,3.08,3.08,,,,
2024-10-16 23:01:56.962000+00:00,25637911080,3.018,3.018,,,,
2024-10-17 23:01:56.420000+00:00,25414333486,2.977,2.977,,,,
2024-10-18 23:02:03.611000+00:00,25758078603,2.975,2.975,,,,
2024-10-19 23:02:05.884000+00:00,25788468831,2.894,2.894,,,,
2024-10-20 23:01:36.556000+00:00,26623435589,2.833,2.833,,,,
2024-10-21 23:02:34.998000+00:00,26137349445,2.835,2.835,,,,
2024-10-22 23:01:26.473000+00:00,25719663412,2.974,2.974,,,,
2024-10-23 23:01:25.427000+00:00,24426217585,2.934,2.934,,,,
2024-10-24 23:01:24.736000+00:00,24782171015,2.95,2.95,,,,
2024-10-25 23:01:40.332000+00:00,23973588131,2.97,2.97,,,,
2024-10-26 23:02:01.582000+00:00,24204811508,2.925,2.925,,,,
2024-10-27 23:01:09.867000+00:00,24534483012,2.818,2.818,,,,
2024-10-28 23:01:37.676000+00:00,25058243871,2.769,2.769,,,,
2024-10-29 23:01:31.185000+00:00,25646894445,2.946,2.946,,,,
2024-10-30 23:01:34.216000+00:00,25931084451,2.994,2.994,,,,
2024-10-31 23:01:26.571000+00:00,24561133828,2.916,2.916,,,,
2024-11-01 23:01:54.378000+00:00,24459410999,3.176,3.176,,,,
2024-11-02 23:01:16.934000+00:00,24323422289,2.836,2.836,,,,
2024-11-03 23:01:11.431000+00:00,24063736030,2.868,2.868,,,,
2024-11-04 23:01:36.592000+00:00,23347094296,2.868,2.868,,,,
2024-11-05 23:01:32.653000+00:00,23668012636,2.933,2.933,,,,
2024-11-06 23:01:32.712000+00:00,26520046509,3.217,3.217,,,,
2024-11-07 23:02:30.956000+00:00,28021205364,3.002,3.002,,,,
2024-11-08 23:01:30.834000+00:00,29086536614,3.031,3.031,,,,
2024-11-09 23:01:52.294000+00:00,30478858199,3.103,3.103,,,,
2024-11-10 23:01:21.938000+00:00,31191231893,2.923,2.923,,,,
2024-11-11 23:01:44.733000+00:00,32597301109,3.057,3.057,,,,
2024-11-12 23:01:31.624000+00:00,31966821903,3.47,3.47,,,,
2024-11-13 23:01:29.133000+00:00,31152381971,3.142,3.142,,,,
2024-11-14 23:01:41.809000+00:00,30289196741,3.524,3.524,,,,
2024-11-15 23:01:26.309000+00:00,30204008073,3.218,3.218,,,,
2024-11-16 23:01:32.978000+00:00,30864520874,3.027,3.027,,,,
2024-11-17 23:01:33.013000+00:00,30155667996,2.923,2.923,,,,
2024-11-18 23:01:32.594000+00:00,30945709395,2.915,2.915,,,,
2024-11-19 23:01:52.763000+00:00,30310831925,3.033,3.033,,,,
2024-11-20 23:01:28.309000+00:00,30113280218,3.033,3.033,,,,
2024-11-21 23:01:31.523000+00:00,33070140729,2.985,2.985,,,,
2024-11-22 23:01:26.467000+00:00,32432798258,3.044,3.044,,,,
2024-11-23 23:01:12.214000+00:00,33394590359,2.978,2.978,,,,
2024-11-24 23:01:18.803000+00:00,32849261119,3.01,3.01,,,,
2024-11-25 23:02:24.654000+00:00,33637513072,2.905,2.905,,,,
2024-11-26 23:01:15.926000+00:00,32623884592,2.996,2.996,,,,
2024-11-27 23:02:05.967000+00:00,35903173735,2.96,2.96,,,,
2024-11-28 23:01:19.962000+00:00,35133585056,2.909,2.909,,,,
2024-11-29 23:01:54.277000+00:00,35281699273,2.807,2.807,,,,
2024-11-30 23:01:17.210000+00:00,36403092741,2.804,2.804,,,,
2024-12-01 23:01:07.023000+00:00,36647561588,2.793,2.793,,,,
2024-12-02 23:01:28.735000+00:00,35450104491,2.946,2.946,,,,
2024-12-03 23:01:14.476000+00:00,35553300143,3.113,3.113,,,,
2024-12-04 23:17:21.584000+00:00,38042144489,3.145,3.145,,,,
2024-12-05 23:01:22.802000+00:00,37506409249,2.996,2.996,,,,
2024-12-06 23:01:22.174000+00:00,39648039924,3.34,3.34,,,,
2024-12-07 23:01:18.427000+00:00,39392112943,2.894,2.894,,,,
2024-12-08 23:02:16.586000+00:00,39300530029,2.781,2.781,,,,
2024-12-09 23:01:12.164000+00:00,36556593528,2.857,2.857,,,,
2024-12-10 23:01:31.176000+00:00,35862802728,3.413,3.413,,,,
2024-12-11 23:01:18.739000+00:00,37667315223,3.037,3.037,,,,
2024-12-12 23:01:23.429000+00:00,37806016613,2.925,2.925,,,,
2024-12-13 23:02:20.701000+00:00,38211965632,2.898,2.898,,,,
2024-12-14 23:01:48.487000+00:00,37858056582,2.797,2.797,,,,
2024-12-15 23:01:14.331000+00:00,38024218511,2.762,2.762,,,,
2024-12-16 23:01:29.166000+00:00,39661401692,2.856,2.856,,,,
2024-12-17 23:01:51.543000+00:00,37834965753,2.868,2.868,,,,
2024-12-18 23:01:18.535000+00:00,36005647146,2.858,2.858,,,,
2024-12-19 23:01:23.179000+00:00,33702040259,2.97,2.97,,,,
2024-12-20 23:01:15.529000+00:00,33783903759,3.278,3.278,,,,
2024-12-21 23:01:13.667000+00:00,32438677834,2.926,2.926,,,,
2024-12-22 23:02:34.135000+00:00,31784266531,2.899,2.899,,,,
2024-12-23 23:01:24.255000+00:00,33370048723,2.861,2.861,,,,
2024-12-24 23:01:54.380000+00:00,33759610053,2.824,2.824,,,,
2024-12-25 23:01:48.537000+00:00,33508349138,2.743,2.743,,,,
2024-12-26 23:01:42.458000+00:00,32266644788,2.752,2.752,,,,
2024-12-27 23:01:23.861000+00:00,32111611770,2.821,2.821,,,,
2024-12-28 23:01:41.129000+00:00,32950731845,2.762,2.762,,,,
2024-12-29 23:01:32.647000+00:00,32132479266,2.743,2.743,,,,
2024-12-30 23:01:35.769000+00:00,32316292712,2.753,2.753,,,,
2024-12-31 23:02:31.340000+00:00,32219799673,2.963,2.963,,,,
2025-01-01 23:04:38.217000+00:00,32398716256,2.849,2.849,,,,
2025-01-02 23:01:17.344000+00:00,33172489450,2.991,2.991,,,,
2025-01-03 23:02:28.234000+00:00,34840087743,2.904,2.904,,,,
2025-01-04 23:02:38.146000+00:00,35203568526,2.872,2.872,,,,
2025-01-05 23:01:35.567000+00:00,35068959951,2.808,2.808,,,,
2025-01-06 23:03:31.934000+00:00,35437930296,2.85,2.85,,,,
2025-01-07 23:03:01.764000+00:00,32668055293,2.926,2.926,,,,
2025-01-08 23:01:23.742000+00:00,31884772772,3.017,3.017,,,,
2025-01-09 23:01:09.363000+00:00,30890782392,2.954,2.954,,,,
2025-01-10 23:02:39.583000+00:00,31456620529,2.931,2.931,,,,
2025-01-11 23:01:25.008000+00:00,31610835967,2.759,2.759,,,,
2025-01-12 23:02:34.399000+00:00,31118082148,2.7,2.7,,,,
2025-01-13 23:02:34.228000+00:00,29926823038,3.113,3.113,,,,
2025-01-14 23:01:13.676000+00:00,30959407039,2.984,2.984,,,,
2025-01-15 23:17:25.916000+00:00,32902268917,2.857,2.857,,,,
2025-01-16 23:01:45.248000+00:00,31545466064,2.898,2.898,,,,
2025-01-17 23:01:53.218000+00:00,33453282301,2.892,2.892,,,,
2025-01-18 23:01:37.965000+00:00,31441520141,2.981,2.981,,,,
2025-01-19 23:01:22.986000+00:00,30962794807,3.164,3.164,,,,
2025-01-20 23:01:18.682000+00:00,31492388452,3.472,3.472,,,,
2025-01-21 23:01:06.201000+00:00,31803851247,3.428,3.428,,,,
2025-01-22 23:01:32.036000+00:00,31125511344,2.919,2.919,,,,
2025-01-23 23:01:16.440000+00:00,31707919901,2.843,2.843,,,,
2025-01-24 23:02:45.276000+00:00,31783590197,4.191,4.191,,,,
2025-01-25 23:01:17.604000+00:00,31914833616,2.803,2.803,,,,
2025-01-26 23:02:43.412000+00:00,31428284943,2.735,2.735,,,,
2025-01-27 23:02:13.567000+00:00,30149637527,3.075,3.075,,,,
2025-01-28 23:01:28.580000+00:00,29300827813,2.906,2.906,,,,
2025-01-29 23:01:14.947000+00:00,29817112754,2.799,2.799,,,,
2025-01-30 23:01:16.913000+00:00,30987994022,2.881,2.881,,,,
2025-01-31 23:01:35.223000+00:00,31143457798,2.797,2.797,,,,
2025-02-01 23:01:12.912000+00:00,29708656417,2.825,2.825,,,,
2025-02-02 23:01:22.131000+00:00,27113145524,2.768,2.768,,,,
2025-02-03 23:02:38.277000+00:00,27033316297,11.773,11.773,,,,
2025-02-04 23:01:19.367000+00:00,25531413448,3.31,3.31,,,,
2025-02-05 23:01:28.214000+00:00,26206613015,3.032,3.032,,,,
2025-02-06 23:01:16.243000+00:00,25330796824,2.817,2.817,,,,
2025-02-07 23:01:18.952000+00:00,24275250806,2.922,2.922,,,,
2025-02-08 23:01:23.757000+00:00,24749917962,2.848,2.848,,,,
2025-02-09 23:01:17.381000+00:00,24559063187,2.706,2.706,,,,
2025-02-10 23:01:15.690000+00:00,25060988395,2.857,2.857,,,,
2025-02-11 23:01:24.950000+00:00,24260932113,2.807,2.807,,,,
2025-02-12 23:01:21.437000+00:00,25781716831,2.813,2.813,,,,
2025-02-13 23:01:40.905000+00:00,25070054895,2.956,2.956,,,,
2025-02-14 23:01:25.513000+00:00,25546959431,2.851,2.851,,,,
2025-02-15 23:01:39.187000+00:00,25265227220,2.688,2.688,,,,
2025-02-16 23:01:43.971000+00:00,25119239869,2.65,2.65,,,,
2025-02-17 23:01:27.472000+00:00,25831733442,2.765,2.765,,,,
2025-02-18 23:01:27.694000+00:00,25052336028,2.944,2.944,,,,
2025-02-19 23:02:35.686000+00:00,25502091882,2.785,2.785,,,,
2025-02-20 23:02:22.479000+00:00,25696853697,2.722,2.722,,,,
2025-02-21 23:01:35.477000+00:00,24939857710,2.739,2.739,,,,
2025-02-22 23:01:22.569000+00:00,26019595555,3.013,3.013,,,,
2025-02-23 23:01:33.617000+00:00,26257774676,2.737,2.737,,,,
2025-02-24 23:01:44.817000+00:00,23594781685,2.792,2.792,,,,
2025-02-25 23:02:32.021000+00:00,23637489715,4.108,4.108,,,,
2025-02-26 23:01:12.946000+00:00,22242318413,2.982,2.982,,,,
2025-02-27 23:01:28.861000+00:00,21334863382,3.14,3.14,,,,
2025-02-28 23:01:23.536000+00:00,20886541385,4.079,4.079,,,,
2025-03-01 23:01:26.184000+00:00,20869805736,2.849,2.849,,,,
2025-03-02 23:01:25.314000+00:00,23662814664,2.764,2.764,,,,
2025-03-03 23:01:33.638000+00:00,20249116194,3.33,3.33,,,,
2025-03-04 23:01:18.775000+00:00,20468588674,3.615,3.615,,,,
2025-03-05 23:01:31.076000+00:00,20982072782,3.112,3.112,,,,
2025-03-06 23:02:28.566000+00:00,20808405705,2.875,2.875,,,,
2025-03-07 23:01:24.022000+00:00,19934083061,3.053,3.053,,,,
2025-03-08 23:01:21.395000+00:00,20627774763,2.95,2.95,,,,
2025-03-09 23:01:28.589000+00:00,18876325587,2.718,2.718,,,,
2025-03-10 23:01:23.845000+00:00,17539127202,3.064,3.064,,,,
2025-03-11 23:01:29.764000+00:00,18198547493,4.851,4.851,,,,
2025-03-12 23:01:29.359000+00:00,17872120380,3.602,3.602,,,,
2025-03-13 23:02:41.387000+00:00,17422495242,2.825,2.825,,,,
2025-03-14 23:01:33.209000+00:00,17946296370,2.811,2.811,,,,
2025-03-15 23:01:17.343000+00:00,18164216941,2.794,2.794,,,,
2025-03-16 23:01:37.716000+00:00,17497436401,2.714,2.714,,,,
2025-03-17 23:01:20.953000+00:00,18032973845,2.688,2.688,,,,
2025-03-18 23:01:26.381000+00:00,17872525625,2.793,2.793,,,,
2025-03-19 23:01:27.725000+00:00,19006836697,2.873,2.873,,,,
2025-03-20 23:01:20.428000+00:00,18435321289,2.93,2.93,,,,
2025-03-21 23:01:34.729000+00:00,18316718570,2.741,2.741,,,,
2025-03-22 23:01:29.770000+00:00,18527091642,2.668,2.668,,,,
2025-03-23 23:01:37.218000+00:00,18643354885,2.664,2.664,,,,
2025-03-24 23:01:21.563000+00:00,19433883314,2.669,2.669,,,,
2025-03-25 23:01:27.662000+00:00,19270593654,2.704,2.704,,,,
2025-03-26 23:01:23.236000+00:00,18766002009,2.689,2.689,,,,
2025-03-27 23:02:33.850000+00:00,18799065658,2.749,2.749,,,,
2025-03-28 23:01:30.757000+00:00,17711261719,3.019,3.019,,,,
2025-03-29 23:02:43.113000+00:00,17025405314,2.812,2.812,,,,
2025-03-30 23:01:11.177000+00:00,16846136448,2.765,2.765,,,,
2025-03-31 23:17:24.865000+00:00,17094090195,2.743,2.743,,,,
