date,swap_count,volume_usd,fees_usd
2025-03-31 00:00:00,6802,201541600.6,100770.8003
2025-03-30 00:00:00,6046,150304861.2,75152.43059
2025-03-29 00:00:00,6291,183151331,91575.6655
2025-03-28 00:00:00,6864,337197442.4,168598.7212
2025-03-27 00:00:00,4889,163017666.3,81508.83315
2025-03-26 00:00:00,5742,203823912.2,101911.9561
2025-03-25 00:00:00,5661,179250542.5,89625.27127
2025-03-24 00:00:00,6361,263113024.9,131556.5125
2025-03-23 00:00:00,3983,113223356.2,56611.6781
2025-03-22 00:00:00,3680,102089556.4,51044.77819
2025-03-21 00:00:00,5296,206264736,103132.368
2025-03-20 00:00:00,6630,265556707.1,132778.3535
2025-03-19 00:00:00,7664,393368279.5,196684.1397
2025-03-18 00:00:00,6251,162646954.4,81323.47722
2025-03-17 00:00:00,6099,197439332,98719.66599
2025-03-16 00:00:00,5601,143184096.9,71592.04847
2025-03-15 00:00:00,4702,114302959.8,57151.47988
2025-03-14 00:00:00,6477,221541765.9,110770.883
2025-03-13 00:00:00,7608,240613443.6,120306.7218
2025-03-12 00:00:00,9553,393871773.7,196935.8868
2025-03-11 00:00:00,11390,611864394.4,305932.1972
2025-03-10 00:00:00,12188,783511531.7,391755.7658
2025-03-09 00:00:00,9252,421224491.5,210612.2457
2025-03-08 00:00:00,6461,186004386.7,93002.19335
2025-03-07 00:00:00,10100,536429336.1,268214.6681
2025-03-06 00:00:00,8013,147433453.4,73716.72669
2025-03-05 00:00:00,8302,276512285.6,138256.1428
2025-03-04 00:00:00,13537,864226632.9,432113.3165
2025-03-03 00:00:00,11502,532226225.3,266113.1127
2025-03-02 00:00:00,8703,385259301.9,192629.651
2025-03-01 00:00:00,6480,196074691.5,98037.34573
2025-02-28 00:00:00,13198,766436110.1,383218.055
2025-02-27 00:00:00,8471,159349086.9,79674.54347
2025-02-26 00:00:00,8954,229416956.2,114708.4781
2025-02-25 00:00:00,11632,336656126.2,168328.0631
2025-02-24 00:00:00,10157,703860919,351930.4595
2025-02-23 00:00:00,6254,361958251.6,180979.1258
2025-02-22 00:00:00,6361,280866469.3,140433.2346
2025-02-21 00:00:00,8285,553213786.6,276606.8933
2025-02-20 00:00:00,5839,219047057.6,109523.5288
2025-02-19 00:00:00,6601,227449933.6,113724.9668
2025-02-18 00:00:00,8171,416617071.4,208308.5357
2025-02-17 00:00:00,6631,423460097.3,211730.0486
2025-02-16 00:00:00,4636,118440850.8,59220.4254
2025-02-15 00:00:00,4947,107099636.8,53549.81839
2025-02-14 00:00:00,7652,309700883.3,154850.4417
2025-02-13 00:00:00,7776,314228535.4,157114.2677
2025-02-12 00:00:00,8148,397055105.3,198527.5526
2025-02-11 00:00:00,7961,368679447.4,184339.7237
2025-02-10 00:00:00,7743,211318864.7,105659.4324
2025-02-09 00:00:00,7041,193021747.8,96510.87389
2025-02-08 00:00:00,6595,149118653.4,74559.32668
2025-02-07 00:00:00,9499,425072864.1,212536.4321
2025-02-06 00:00:00,10033,850301904.2,425150.9521
2025-02-05 00:00:00,9551,465684895.7,232842.4479
2025-02-04 00:00:00,12530,760711896.9,380355.9485
2025-02-03 00:00:00,15006,1479255383,739627.6914
2025-02-02 00:00:00,10310,424009795.9,212004.898
2025-02-01 00:00:00,6300,259029743,129514.8715
2025-01-31 00:00:00,6968,485673380.9,242836.6904
2025-01-30 00:00:00,5970,226910245.1,113455.1226
2025-01-29 00:00:00,6652,211639098.3,105819.5492
2025-01-28 00:00:00,6207,174999221.8,87499.61088
2025-01-27 00:00:00,8744,403881811.1,201940.9055
2025-01-26 00:00:00,5155,375331044.2,187665.5221
2025-01-25 00:00:00,4624,237780978.5,118890.4893
2025-01-24 00:00:00,6342,571372498.2,285686.2491
2025-01-23 00:00:00,7643,964578756.4,482289.3782
2025-01-22 00:00:00,6139,447414312.9,223707.1565
2025-01-21 00:00:00,7444,784097971,392048.9855
2025-01-20 00:00:00,7911,1020119427,510059.7133
2025-01-19 00:00:00,8142,720813391.8,360406.6959
2025-01-18 00:00:00,7292,372921286.9,186460.6434
2025-01-17 00:00:00,5588,268303739,134151.8695
2025-01-16 00:00:00,5403,164726145.3,82363.07264
2025-01-15 00:00:00,5505,181009367.4,90504.68371
2025-01-14 00:00:00,5034,127522074.9,63761.03747
2025-01-13 00:00:00,8253,318568956.8,159284.4784
2025-01-12 00:00:00,3972,92680996.72,46340.49836
2025-01-11 00:00:00,4174,80495150.61,40247.57531
2025-01-10 00:00:00,5620,187030327,93515.16351
2025-01-09 00:00:00,6926,231720444.2,115860.2221
2025-01-08 00:00:00,6285,253352167.3,126676.0836
2025-01-07 00:00:00,5681,295289621.9,147644.811
2025-01-06 00:00:00,5050,320320622.5,160160.3112
2025-01-05 00:00:00,3952,79555752.67,39777.87633
2025-01-04 00:00:00,4209,105764442.6,52882.22129
2025-01-03 00:00:00,5418,155284272.1,77642.13603
2025-01-02 00:00:00,4683,206546000.4,103273.0002
2025-01-01 00:00:00,4209,119669701.2,59834.85061
2024-12-31 00:00:00,5916,320078589.8,160039.2949
2024-12-30 00:00:00,7006,475871545.9,237935.773
2024-12-29 00:00:00,4538,92059750.43,46029.87522
2024-12-28 00:00:00,4110,91730925.07,45865.46254
2024-12-27 00:00:00,5588,203780153.9,101890.0769
2024-12-26 00:00:00,5488,179042015.8,89521.0079
2024-12-25 00:00:00,4721,144805318,72402.65898
2024-12-24 00:00:00,5783,203841119.6,101920.5598
2024-12-23 00:00:00,7595,310097422.2,155048.7111
2024-12-22 00:00:00,6387,193434982.3,96717.49116
2024-12-21 00:00:00,7024,233168645,116584.3225
2024-12-20 00:00:00,9364,512771320.7,256385.6603
2024-12-19 00:00:00,8406,616049194.1,308024.597
2024-12-18 00:00:00,7293,532556091,266278.0455
2024-12-17 00:00:00,5574,342503134.2,171251.5671
2024-12-16 00:00:00,6421,478490075,239245.0375
2024-12-15 00:00:00,4443,174084752.2,87042.37608
2024-12-14 00:00:00,4728,193309786.7,96654.89334
2024-12-13 00:00:00,5121,278654944,139327.472
2024-12-12 00:00:00,6034,424040967.4,212020.4837
2024-12-11 00:00:00,5554,221616731.9,110808.366
2024-12-10 00:00:00,6475,394879219.4,197439.6097
2024-12-09 00:00:00,6572,413370147.2,206685.0736
2024-12-08 00:00:00,4172,79847044.17,39923.52208
2024-12-07 00:00:00,4370,158002036,79001.018
2024-12-06 00:00:00,5924,444366836.5,222183.4183
2024-12-05 00:00:00,6071,584556041.9,292278.021
2024-12-04 00:00:00,5668,324121628.3,162060.8141
2024-12-03 00:00:00,5686,308749091.1,154374.5456
2024-12-02 00:00:00,5433,347201928.8,173600.9644
2024-12-01 00:00:00,4843,168153932.4,84076.96621
2024-11-30 00:00:00,5312,173876982.7,86938.49133
2024-11-29 00:00:00,4845,139650997.3,69825.49864
2024-11-28 00:00:00,5319,242975295.1,121487.6475
2024-11-27 00:00:00,6211,404948191.5,202474.0958
2024-11-26 00:00:00,5936,381992228.5,190996.1142
2024-11-25 00:00:00,6745,593827873.4,296913.9367
2024-11-24 00:00:00,5303,228957292.4,114478.6462
2024-11-23 00:00:00,5989,349039347.2,174519.6736
2024-11-22 00:00:00,5801,316839300.5,158419.6503
2024-11-21 00:00:00,6555,496036452.3,248018.2261
2024-11-20 00:00:00,5227,334040751.3,167020.3756
2024-11-19 00:00:00,5258,339114597.8,169557.2989
2024-11-18 00:00:00,5718,479920081.1,239960.0405
2024-11-17 00:00:00,5156,382132865.6,191066.4328
2024-11-16 00:00:00,5325,274941928.8,137470.9644
2024-11-15 00:00:00,5935,309128608.4,154564.3042
2024-11-14 00:00:00,5897,436235052.7,218117.5264
2024-11-13 00:00:00,6218,556021467.4,278010.7337
2024-11-12 00:00:00,7365,676423081,338211.5405
2024-11-11 00:00:00,6599,523677964.2,261838.9821
2024-11-10 00:00:00,6166,280264795.2,140132.3976
2024-11-09 00:00:00,4726,163722543.2,81861.27161
2024-11-08 00:00:00,4736,177777631.6,88888.81579
2024-11-07 00:00:00,5869,254944009.5,127472.0047
2024-11-06 00:00:00,7210,504733499.6,252366.7498
2024-11-05 00:00:00,5494,184690635,92345.31748
2024-11-04 00:00:00,4661,156107835.3,78053.91767
2024-11-03 00:00:00,4792,161014598.3,80507.29914
2024-11-02 00:00:00,3455,74079888.69,37039.94434
2024-11-01 00:00:00,4733,244226941.6,122113.4708
2024-10-31 00:00:00,4574,240195559.3,120097.7797
2024-10-30 00:00:00,4141,206500434.3,103250.2171
2024-10-29 00:00:00,4263,166902208.6,83451.10432
2024-10-28 00:00:00,3810,148775906.6,74387.95331
2024-10-27 00:00:00,2832,60070766.7,30035.38335
2024-10-26 00:00:00,3790,81882847.05,40941.42353
2024-10-25 00:00:00,5077,229020177.2,114510.0886
2024-10-24 00:00:00,3901,121351256.6,60675.62831
2024-10-23 00:00:00,3953,144883352.8,72441.67638
2024-10-22 00:00:00,3578,110554777.1,55277.38855
2024-10-21 00:00:00,3948,110205971.5,55102.98574
2024-10-20 00:00:00,3156,80720630.37,40360.31518
2024-10-19 00:00:00,2694,37428041.82,18714.02091
2024-10-18 00:00:00,3222,106753678.2,53376.83908
2024-10-17 00:00:00,3610,129036202,64518.101
2024-10-16 00:00:00,4213,141631733.3,70815.86663
2024-10-15 00:00:00,4587,214160285.8,107080.1429
2024-10-14 00:00:00,4660,221732239.6,110866.1198
2024-10-13 00:00:00,3641,58750179.33,29375.08967
2024-10-12 00:00:00,4464,101738599.5,50869.29977
2024-10-11 00:00:00,4363,114795650.2,57397.82509
2024-10-10 00:00:00,4405,127869011,63934.50552
2024-10-09 00:00:00,3958,130333324.1,65166.66206
2024-10-08 00:00:00,3702,118602744.8,59301.3724
2024-10-07 00:00:00,4121,150997925.3,75498.96267
2024-10-06 00:00:00,3166,58870293.56,29435.14678
2024-10-05 00:00:00,3011,60810956.33,30405.47816
2024-10-04 00:00:00,4585,165319578.8,82659.78938
2024-10-03 00:00:00,5055,192580332.2,96290.16608
2024-10-02 00:00:00,5084,240489566.9,120244.7834
2024-10-01 00:00:00,5805,275937873.2,137968.9366
2024-09-30 00:00:00,4132,200929040,100464.52
2024-09-29 00:00:00,3367,74198310.96,37099.15548
2024-09-28 00:00:00,3151,76951132.44,38475.56622
2024-09-27 00:00:00,3785,113271861.2,56635.93062
2024-09-26 00:00:00,3764,166044365.4,83022.18272
2024-09-25 00:00:00,3465,165354247.2,82677.1236
2024-09-24 00:00:00,3473,140379840.9,70189.92047
2024-09-23 00:00:00,3985,154970474.4,77485.23718
2024-09-22 00:00:00,3127,87999011.21,43999.5056
2024-09-21 00:00:00,2956,59717553.59,29858.7768
2024-09-20 00:00:00,4091,146078149.4,73039.07472
2024-09-19 00:00:00,4283,125725678.1,62862.83904
2024-09-18 00:00:00,4422,167162348.1,83581.17406
2024-09-17 00:00:00,4249,127516266.8,63758.13341
2024-09-16 00:00:00,4824,143853116.3,71926.55815
2024-09-15 00:00:00,3836,85730469.27,42865.23463
2024-09-14 00:00:00,3630,74902649.19,37451.3246
2024-09-13 00:00:00,4528,97734618.25,48867.30913
2024-09-12 00:00:00,4357,143904101,71952.05052
2024-09-11 00:00:00,5449,157215631.9,78607.81597
2024-09-10 00:00:00,4773,120692551.6,60346.27582
2024-09-09 00:00:00,5379,147486694.1,73743.34705
2024-09-08 00:00:00,4514,107017238.8,53508.61941
2024-09-07 00:00:00,5185,101940708,50970.35398
2024-09-06 00:00:00,8457,440295583.1,220147.7916
2024-09-05 00:00:00,5083,157246848.7,78623.42436
2024-09-04 00:00:00,7202,205930640.8,102965.3204
2024-09-03 00:00:00,5200,134029554.8,67014.77742
2024-09-02 00:00:00,4382,129768575.1,64884.28756
2024-09-01 00:00:00,5345,126265065.7,63132.53287
2024-08-31 00:00:00,3728,43140064.04,21570.03202
2024-08-30 00:00:00,5780,156070963.5,78035.48173
2024-08-29 00:00:00,5126,134677668.2,67338.8341
2024-08-28 00:00:00,6980,241631958.9,120815.9795
2024-08-27 00:00:00,6431,246198743.7,123099.3718
2024-08-26 00:00:00,4503,95556951.19,47778.47559
2024-08-25 00:00:00,4179,68696435.75,34348.21787
2024-08-24 00:00:00,5334,98254569.6,49127.2848
2024-08-23 00:00:00,5800,171465763.4,85732.8817
2024-08-22 00:00:00,4753,97415247.21,48707.6236
2024-08-21 00:00:00,5865,159556570.4,79778.28522
2024-08-20 00:00:00,6783,155530581.7,77765.29085
2024-08-19 00:00:00,4735,131263802.8,65631.90142
2024-08-18 00:00:00,3718,77080801.21,38540.4006
2024-08-17 00:00:00,3868,51720613.38,25860.30669
2024-08-16 00:00:00,5282,159454713,79727.35648
2024-08-15 00:00:00,5589,240311819.9,120155.9099
2024-08-14 00:00:00,5225,173325246.9,86662.62346
2024-08-13 00:00:00,5424,175946509.8,87973.25491
2024-08-12 00:00:00,6437,180411688.1,90205.84406
2024-08-11 00:00:00,5888,113982910.7,56991.45534
2024-08-10 00:00:00,4532,75476075.2,37738.0376
2024-08-09 00:00:00,9176,131972785.8,65986.39291
2024-08-08 00:00:00,9123,193077606.1,96538.80307
2024-08-07 00:00:00,11475,277273186.1,138636.5931
2024-08-06 00:00:00,10699,328724695.2,164362.3476
2024-08-05 00:00:00,18212,1363018151,681509.0757
2024-08-04 00:00:00,8351,209475516.4,104737.7582
2024-08-03 00:00:00,8235,460991937.1,230495.9685
2024-08-02 00:00:00,6953,226428494.2,113214.2471
2024-08-01 00:00:00,5840,219896027.6,109948.0138
2024-07-31 00:00:00,5986,323549382.8,161774.6914
2024-07-30 00:00:00,6098,289441427.7,144720.7139
2024-07-29 00:00:00,7485,299732560.2,149866.2801
2024-07-28 00:00:00,4601,89599936.23,44799.96811
2024-07-27 00:00:00,5232,219796727.2,109898.3636
2024-07-26 00:00:00,6281,182322760.7,91161.38037
2024-07-25 00:00:00,7871,294573783.9,147286.892
2024-07-24 00:00:00,5194,338759641.7,169379.8208
2024-07-23 00:00:00,6676,595945893.9,297972.9469
2024-07-22 00:00:00,5799,378050873.4,189025.4367
2024-07-21 00:00:00,5782,347273511.1,173636.7555
2024-07-20 00:00:00,5426,215701228,107850.614
2024-07-19 00:00:00,5591,399600184.5,199800.0923
2024-07-18 00:00:00,5368,315189882.4,157594.9412
2024-07-17 00:00:00,5589,375107972.4,187553.9862
2024-07-16 00:00:00,6815,447730394.9,223865.1975
2024-07-15 00:00:00,6968,387321615.4,193660.8077
2024-07-14 00:00:00,5076,78240188.82,39120.09441
2024-07-13 00:00:00,4929,61402742.5,30701.37125
2024-07-12 00:00:00,5976,135622671.8,67811.33592
2024-07-11 00:00:00,6117,140770685.3,70385.34266
2024-07-10 00:00:00,5632,111963317.3,55981.65865
2024-07-09 00:00:00,6691,141185682.9,70592.84147
2024-07-08 00:00:00,8419,209214977.4,104607.4887
2024-07-07 00:00:00,6131,70264311.2,35132.1556
2024-07-06 00:00:00,5850,79959737.87,39979.86893
2024-07-05 00:00:00,9949,450388502.2,225194.2511
2024-07-04 00:00:00,8207,345184087.7,172592.0438
2024-07-03 00:00:00,6488,255757743.9,127878.872
2024-07-02 00:00:00,5247,106908984.8,53454.49239
2024-07-01 00:00:00,5728,198734964.5,99367.48225
2024-06-30 00:00:00,5682,99908482.1,49954.24105
2024-06-29 00:00:00,5126,55073926.4,27536.9632
2024-06-28 00:00:00,6293,194791308.3,97395.65413
2024-06-27 00:00:00,5660,305080047,152540.0235
2024-06-26 00:00:00,5768,202380452.5,101190.2263
2024-06-25 00:00:00,6866,277317150.3,138658.5752
2024-06-24 00:00:00,9974,815538125.2,407769.0626
2024-06-23 00:00:00,6388,303865469.1,151932.7345
2024-06-22 00:00:00,5303,81914381.63,40957.19081
2024-06-21 00:00:00,6596,315498783.4,157749.3917
2024-06-20 00:00:00,6237,250783533.9,125391.7669
2024-06-19 00:00:00,6818,241521030.9,120760.5155
2024-06-18 00:00:00,11434,375686936.4,187843.4682
2024-06-17 00:00:00,7060,306819836.7,153409.9184
2024-06-16 00:00:00,5525,140210950.1,70105.47503
2024-06-15 00:00:00,5228,141718389.3,70859.19463
2024-06-14 00:00:00,6797,313375939.3,156687.9696
2024-06-13 00:00:00,6897,277176147.7,138588.0739
2024-06-12 00:00:00,6189,302199959,151099.9795
2024-06-11 00:00:00,7741,373924995.8,186962.4979
2024-06-10 00:00:00,6126,255859686.6,127929.8433
2024-06-09 00:00:00,5138,80534468.24,40267.23412
2024-06-08 00:00:00,5470,88133388.16,44066.69408
2024-06-07 00:00:00,5885,207331515.9,103665.7579
2024-06-06 00:00:00,5069,156419725.8,78209.86292
2024-06-05 00:00:00,5511,193703661.2,96851.8306
2024-06-04 00:00:00,5461,208610556.7,104305.2784
2024-06-03 00:00:00,5146,189706425.5,94853.21276
2024-06-02 00:00:00,4921,149291042.7,74645.52133
2024-06-01 00:00:00,5018,115458916.6,57729.4583
2024-05-31 00:00:00,5984,523638021.6,261819.0108
2024-05-30 00:00:00,6096,408509836.7,204254.9183
2024-05-29 00:00:00,6863,1003308854,501654.4271
2024-05-28 00:00:00,6407,312641877.9,156320.9389
2024-05-27 00:00:00,6778,351389475.2,175694.7376
2024-05-26 00:00:00,7009,715333495.8,357666.7479
2024-05-25 00:00:00,6046,157206460.3,78603.23017
2024-05-24 00:00:00,7887,553661050.7,276830.5254
2024-05-23 00:00:00,9914,1301244024,650622.012
2024-05-22 00:00:00,7854,532259447.5,266129.7238
2024-05-21 00:00:00,9986,858398953.5,429199.4768
2024-05-20 00:00:00,9249,637351784.3,318675.8922
2024-05-19 00:00:00,6377,124156978.6,62078.48932
2024-05-18 00:00:00,6579,104890385.5,52445.19276
2024-05-17 00:00:00,7345,204463226.2,102231.6131
2024-05-16 00:00:00,7010,163983114.1,81991.55704
2024-05-15 00:00:00,7768,181046699,90523.3495
2024-05-14 00:00:00,7197,164123406.9,82061.70344
2024-05-13 00:00:00,7194,148957231.3,74478.61567
2024-05-12 00:00:00,5344,49292553.4,24646.2767
2024-05-11 00:00:00,5159,86048420.38,43024.21019
2024-05-10 00:00:00,7195,200804262.4,100402.1312
2024-05-09 00:00:00,7661,179801887.5,89900.94377
2024-05-08 00:00:00,7660,299410040.9,149705.0205
2024-05-07 00:00:00,7055,224273594.4,112136.7972
2024-05-06 00:00:00,7666,223196102.2,111598.0511
2024-05-05 00:00:00,5914,150235415.2,75117.7076
2024-05-04 00:00:00,5921,128423386.5,64211.69327
2024-05-03 00:00:00,7007,196171226.9,98085.61343
2024-05-02 00:00:00,6960,313898051.5,156949.0258
2024-05-01 00:00:00,9583,449358198.1,224679.0991
2024-04-30 00:00:00,8333,345339540.7,172669.7703
2024-04-29 00:00:00,6490,272045738.2,136022.8691
2024-04-28 00:00:00,5701,217644515.8,108822.2579
2024-04-27 00:00:00,6503,183985218.9,91992.60944
2024-04-26 00:00:00,6435,170519030.1,85259.51504
2024-04-25 00:00:00,6635,242640553.6,121320.2768
2024-04-24 00:00:00,6662,237611147.2,118805.5736
2024-04-23 00:00:00,6795,188150457.7,94075.22886
2024-04-22 00:00:00,6591,234231044.7,117115.5223
2024-04-21 00:00:00,5572,162327129.3,81163.56467
2024-04-20 00:00:00,6050,181566545.6,90783.27279
2024-04-19 00:00:00,8980,440509976.6,220254.9883
2024-04-18 00:00:00,7213,293509308.3,146754.6541
2024-04-17 00:00:00,7080,310736592,155368.296
2024-04-16 00:00:00,8020,360193317.7,180096.6589
2024-04-15 00:00:00,8632,501809120,250904.56
2024-04-14 00:00:00,10197,545171249.5,272585.6248
2024-04-13 00:00:00,8750,605102430.9,302551.2155
2024-04-12 00:00:00,7968,584081151.2,292040.5756
2024-04-11 00:00:00,6802,528740136.7,264370.0684
2024-04-10 00:00:00,7042,441239219.2,220619.6096
2024-04-09 00:00:00,6665,532520030.3,266260.0151
2024-04-08 00:00:00,6809,517654549.9,258827.2749
2024-04-07 00:00:00,5552,318795864.7,159397.9323
2024-04-06 00:00:00,5378,112847277,56423.6385
2024-04-05 00:00:00,6710,287456903.9,143728.4519
2024-04-04 00:00:00,6150,226098562.8,113049.2814
2024-04-03 00:00:00,6424,252286115.3,126143.0576
2024-04-02 00:00:00,8225,383303860,191651.93
2024-04-01 00:00:00,7031,284801354.2,142400.6771
2024-03-31 00:00:00,6001,179268808,89634.40402
2024-03-30 00:00:00,6271,140633005.4,70316.5027
2024-03-29 00:00:00,6529,231357931.6,115678.9658
2024-03-28 00:00:00,6390,270459537.5,135229.7687
2024-03-27 00:00:00,6687,356770127.8,178385.0639
2024-03-26 00:00:00,6720,422666332.7,211333.1664
2024-03-25 00:00:00,6920,347602175.6,173801.0878
2024-03-24 00:00:00,5906,210057645.4,105028.8227
2024-03-23 00:00:00,5632,213815479.1,106907.7395
2024-03-22 00:00:00,7301,493720972.7,246860.4864
2024-03-21 00:00:00,7133,514009999.5,257004.9998
2024-03-20 00:00:00,9907,823311262,411655.631
2024-03-19 00:00:00,10075,686201236.7,343100.6183
2024-03-18 00:00:00,7493,435239356.8,217619.6784
2024-03-17 00:00:00,7175,324325074.8,162162.5374
2024-03-16 00:00:00,7564,431919923.6,215959.9618
2024-03-15 00:00:00,9214,956374060.8,478187.0304
2024-03-14 00:00:00,7119,501212568.4,250606.2842
2024-03-13 00:00:00,5881,362050244,181025.122
2024-03-12 00:00:00,6050,522952199.2,261476.0996
2024-03-11 00:00:00,5991,443133266.7,221566.6334
2024-03-10 00:00:00,5469,306366117.5,153183.0588
2024-03-09 00:00:00,5232,144971223,72485.61148
2024-03-08 00:00:00,5586,322286350.3,161143.1751
2024-03-07 00:00:00,5430,360736739.4,180368.3697
2024-03-06 00:00:00,7207,655792455.7,327896.2278
2024-03-05 00:00:00,7136,639984239.9,319992.12
2024-03-04 00:00:00,5467,318670264.9,159335.1325
2024-03-03 00:00:00,5172,272016820.2,136008.4101
2024-03-02 00:00:00,5298,228654016.5,114327.0083
2024-03-01 00:00:00,6357,283493929.7,141746.9648
2024-02-29 00:00:00,6779,439205429.5,219602.7148
2024-02-28 00:00:00,7076,738738151.8,369369.0759
2024-02-27 00:00:00,6182,429072926.3,214536.4631
2024-02-26 00:00:00,5336,236587420,118293.71
2024-02-25 00:00:00,5158,147971088.4,73985.54419
2024-02-24 00:00:00,4446,120538699.9,60269.34997
2024-02-23 00:00:00,5006,183791674.5,91895.83725
2024-02-22 00:00:00,5131,282369951,141184.9755
2024-02-21 00:00:00,6022,266457667.1,133228.8336
2024-02-20 00:00:00,6927,268244079.8,134122.0399
2024-02-19 00:00:00,6646,236497499.5,118248.7498
2024-02-18 00:00:00,5825,132251565.9,66125.78297
2024-02-17 00:00:00,5182,122303448.9,61151.72443
2024-02-16 00:00:00,5975,142417847,71208.92352
2024-02-15 00:00:00,5965,255688878.5,127844.4392
2024-02-14 00:00:00,6811,193991854.2,96995.9271
2024-02-13 00:00:00,5998,215662005.5,107831.0028
2024-02-12 00:00:00,5016,249414642.9,124707.3215
2024-02-11 00:00:00,4709,188455595.4,94227.7977
2024-02-10 00:00:00,4641,93833496.01,46916.748
2024-02-09 00:00:00,4231,173369711,86684.85549
2024-02-08 00:00:00,4270,194493939.1,97246.96954
2024-02-07 00:00:00,4756,145348688.8,72674.34441
2024-02-06 00:00:00,4762,169617882.4,84808.94121
2024-02-05 00:00:00,4657,120990289.5,60495.14474
2024-02-04 00:00:00,4035,85345521.75,42672.76088
2024-02-03 00:00:00,3866,50253380.52,25126.69026
2024-02-02 00:00:00,5330,131805446.9,65902.72343
2024-02-01 00:00:00,5187,180280673.4,90140.33672
2024-01-31 00:00:00,6005,212549232.1,106274.6161
2024-01-30 00:00:00,5468,170569492,85284.74599
2024-01-29 00:00:00,6194,160959299.7,80479.64983
2024-01-28 00:00:00,5455,87507079.22,43753.53961
2024-01-27 00:00:00,6107,56612848.64,28306.42432
2024-01-26 00:00:00,6078,155621222.1,77810.61105
2024-01-25 00:00:00,6858,224562168,112281.084
2024-01-24 00:00:00,6541,172917523.1,86458.76154
2024-01-23 00:00:00,8845,362163804.7,181081.9023
2024-01-22 00:00:00,8120,307900370.7,153950.1854
2024-01-21 00:00:00,5360,61422376.95,30711.18848
2024-01-20 00:00:00,5355,64907063.01,32453.53151
2024-01-19 00:00:00,8337,194593383.3,97296.69163
2024-01-18 00:00:00,4941,171899704.7,85949.85233
2024-01-17 00:00:00,4342,136928560.7,68464.28036
2024-01-16 00:00:00,4555,158295309.9,79147.65497
2024-01-15 00:00:00,4745,160815558,80407.77898
2024-01-14 00:00:00,4119,168769568.2,84384.78411
2024-01-13 00:00:00,5419,212011482.7,106005.7413
2024-01-12 00:00:00,7613,517031162.2,258515.5811
2024-01-11 00:00:00,7002,275264928.1,137632.4641
2024-01-10 00:00:00,7515,476249382.1,238124.691
2024-01-09 00:00:00,6527,371239209.1,185619.6046
2024-01-08 00:00:00,6702,284707844.7,142353.9224
2024-01-07 00:00:00,3506,108440139.8,54220.0699
2024-01-06 00:00:00,4311,93926487.65,46963.24383
2024-01-05 00:00:00,6046,247241810.4,123620.9052
2024-01-04 00:00:00,6410,222699468.6,111349.7343
2024-01-03 00:00:00,6643,423266150,211633.075
2024-01-02 00:00:00,6778,237087219.2,118543.6096
2024-01-01 00:00:00,5475,144817616,72408.80798